eccentricity,aspect_ratio,elongation,solidity,stochastic_convexity,isoperimetric_factor,maximal_indentation_depth,lobedness,average_intensity,average_contrast,smoothness,third_moment,uniformity,entropy
0.99593,10.12,0.92461,0.80662,0.90702,0.15053,0.12257,2.7342,0.0082902,0.052333,0.0027313,0.00090459,1.5362e-05,0.27303
0.50692,1.127,0.67203,0.53024,0.75263,0.16792,0.13006,3.0788,0.015279,0.057592,0.0033059,0.00072847,0.00010983,0.67289
0.24465,1.047,0.60511,0.56524,0.79474,0.21788,0.12522,2.854,0.037595,0.127,0.015874,0.006587,0.00010798,0.8331
0.86545,1.8803,0.62039,0.82443,0.85439,0.33077,0.047,0.40204,0.039518,0.1157,0.01321,0.0042406,0.00020084,1.0136
0.82866,1.9848,0.50917,0.9418,0.99825,0.55942,0.025524,0.11857,0.080103,0.16692,0.027107,0.0086548,0.0004265,1.8038
0.72719,1.4779,0.3298,0.99388,1.0,0.8423,0.0029668,0.0016019,0.02634,0.081903,0.0066634,0.0017846,0.0001939,0.9805
0.96652,3.8162,0.74273,0.82566,0.94737,0.32925,0.1446,3.8052,0.022715,0.10148,0.010193,0.0046292,4.4517e-05,0.52175
0.99456,9.7351,0.90444,0.93346,0.98421,0.19638,0.020897,0.079479,0.016599,0.075247,0.0056302,0.0019012,4.441e-05,0.48992
0.35344,1.0329,0.78147,0.70737,0.61579,0.13503,0.089763,1.4664,0.097663,0.20703,0.041101,0.016123,0.00045288,1.6935
0.70668,1.251,0.38111,0.94226,0.99825,0.6925,0.019432,0.068724,0.031587,0.11502,0.013056,0.0053112,8.6352e-05,0.72247
0.88374,2.4765,0.61389,0.8581,0.98246,0.40448,0.054511,0.54081,0.06489,0.14657,0.021032,0.0067378,0.00037204,1.6461
0.5895,1.2708,0.24364,0.98173,0.99649,0.82082,0.0074388,0.010071,0.041688,0.11576,0.013223,0.0041,0.00025724,1.1105
0.80393,1.8829,0.4698,0.93066,0.99298,0.58011,0.043787,0.34894,0.010183,0.061975,0.0038262,0.0014329,1.8914e-05,0.28509
0.93802,2.8087,0.65774,0.97091,1.0,0.58194,0.0067321,0.0082485,0.052218,0.13491,0.017874,0.0057374,0.00030246,1.2161
0.54893,1.1111,0.63983,0.56623,0.6,0.15743,0.13081,3.1143,0.021231,0.079722,0.0063155,0.0019123,7.3919e-05,0.71949
0.90557,2.3423,0.58487,0.95943,0.97368,0.55537,0.023542,0.10087,0.045897,0.13433,0.017724,0.0066757,0.00024528,0.9943
0.52382,1.1117,0.67175,0.54701,0.62982,0.15157,0.13674,3.4028,0.026434,0.085792,0.0073064,0.0021373,0.00016583,0.90513
0.93847,3.0198,0.67312,0.98733,1.0,0.53234,0.0076393,0.010621,0.07629,0.18017,0.03144,0.011932,0.00072251,1.2434
0.55518,1.2318,0.25226,0.94783,0.99123,0.54965,0.015115,0.041582,0.059148,0.13996,0.019211,0.0057336,0.00042099,1.3579
0.90631,2.3906,0.58336,0.97683,0.99825,0.66419,0.0084019,0.012848,0.0070096,0.042347,0.0017901,0.00045889,2.8251e-05,0.28082
0.99698,10.913,0.93836,0.70085,0.93684,0.11552,0.15334,4.2796,0.010649,0.055629,0.0030851,0.00089618,3.6128e-05,0.37415
0.52744,1.0419,0.51662,0.77201,0.84211,0.33784,0.11438,2.3811,0.0254,0.082047,0.0066868,0.0017982,0.00012196,0.944
0.53622,1.2341,0.44979,0.7882,0.94386,0.38426,0.072253,0.95013,0.042992,0.12337,0.014993,0.0056501,0.00013103,1.2646
0.36462,1.0811,0.67755,0.49042,0.68772,0.14118,0.1243,2.8118,0.037866,0.11692,0.013485,0.0046475,0.0001769,0.9229
0.70275,1.5016,0.34772,0.98776,0.99825,0.80848,0.0037534,0.002564,0.055512,0.12613,0.015659,0.004022,0.00050106,1.4395
0.46098,1.2199,0.32967,0.90459,1.0,0.56329,0.027061,0.13328,0.092156,0.18249,0.03223,0.010076,0.00090962,1.7156
0.51247,1.1116,0.65626,0.57724,0.59298,0.16867,0.11187,2.2776,0.016001,0.061238,0.0037361,0.00087861,0.00010284,0.6508
0.83029,1.633,0.49437,0.92597,0.96842,0.62529,0.045331,0.37399,0.13423,0.2648,0.065523,0.029786,0.00074416,1.7493
0.73935,1.5319,0.34987,0.98479,1.0,0.81067,0.0078079,0.011095,0.027888,0.11472,0.01299,0.0060166,5.0098e-05,0.59895
0.99505,10.736,0.90851,0.92586,0.99649,0.18236,0.028571,0.14856,0.017761,0.06961,0.0048222,0.0013129,0.00013111,0.59218
0.91747,2.7054,0.64091,0.87687,0.98947,0.42531,0.089364,1.4534,0.042216,0.12098,0.014424,0.0047692,0.0003061,1.0097
0.53017,1.2503,0.23254,0.97337,1.0,0.82703,0.0066263,0.0079913,0.048541,0.10941,0.011828,0.0027809,0.00048839,1.5452
0.54913,1.2769,0.31283,0.93889,0.99123,0.5933,0.041539,0.31404,0.15188,0.2605,0.06355,0.02379,0.000843,2.203
0.9953,10.63,0.90598,0.88866,0.95789,0.15967,0.025636,0.11961,0.014782,0.065416,0.0042611,0.0012831,6.4365e-05,0.52178
0.98643,6.1273,0.84737,0.95274,0.89649,0.29982,0.019421,0.068643,0.028986,0.095642,0.0090645,0.0027526,0.00014425,0.82529
0.72997,1.4892,0.34284,0.98755,1.0,0.84482,0.0049451,0.0044506,0.010487,0.058528,0.0034138,0.0011248,2.4798e-05,0.34068
0.75535,1.6662,0.4065,0.97627,1.0,0.75126,0.0098445,0.017638,0.020477,0.09052,0.0081274,0.0031335,0.00012137,0.4391
0.91861,2.8114,0.64707,0.94843,0.95614,0.51186,0.045037,0.36915,0.041345,0.13297,0.017374,0.0070233,0.00018923,0.83183
0.43425,1.095,0.68828,0.52398,0.54211,0.15396,0.13761,3.4462,0.021147,0.073202,0.0053299,0.00134,0.00016376,0.75496
0.98717,6.5173,0.84726,0.96846,1.0,0.28899,0.022056,0.08854,0.042124,0.11842,0.013829,0.0043818,0.00020215,1.098
0.58938,1.3232,0.40145,0.89009,0.98421,0.43977,0.047907,0.4177,0.11488,0.19211,0.035592,0.0091838,0.0015424,2.1004
0.73797,1.4597,0.35376,0.97566,1.0,0.81697,0.0068768,0.0086068,0.01595,0.065491,0.0042707,0.0011544,6.6272e-05,0.58785
0.89507,2.2045,0.55605,0.97701,0.99649,0.64214,0.0053433,0.0051962,0.102,0.19598,0.036988,0.012562,0.00048437,2.0484
0.60267,1.254,0.20587,0.98883,1.0,0.80193,0.0084333,0.012944,0.017777,0.061786,0.003803,0.00091963,0.00015231,0.85839
0.89493,2.0494,0.64925,0.81682,0.83509,0.35318,0.049955,0.45418,0.041808,0.12036,0.01428,0.0048007,0.00017096,1.0962
0.99518,10.421,0.90385,0.96551,0.98947,0.20051,0.0077228,0.010855,0.021258,0.080385,0.0064203,0.0019168,9.5565e-05,0.66405
0.86224,2.0735,0.52269,0.98686,0.99474,0.70529,0.010097,0.018554,0.041404,0.12163,0.014579,0.0048689,0.00027608,0.9458
0.78676,1.6815,0.41383,0.97686,0.99825,0.7686,0.013524,0.033289,0.016538,0.076334,0.0057932,0.0019786,7.0661e-05,0.43227
0.98326,5.8308,0.82878,0.96489,1.0,0.30777,0.014672,0.039178,0.019278,0.073118,0.0053178,0.0014657,9.7882e-05,0.66403
0.62011,1.3298,0.2836,0.96952,0.99825,0.77871,0.0086562,0.013637,0.04722,0.1186,0.013872,0.0037549,0.00044188,1.2024
0.9109,2.5488,0.6106,0.97388,0.99825,0.55818,0.01972,0.070775,0.10132,0.17022,0.028158,0.0074614,0.0010974,2.3847
0.93396,2.9367,0.66689,0.92543,0.99474,0.45676,0.030052,0.16437,0.015159,0.071198,0.0050436,0.0017096,4.8527e-05,0.46762
0.53283,1.3078,0.25925,0.96727,1.0,0.77065,0.017745,0.057312,0.05341,0.12259,0.014806,0.0035923,0.0012358,1.1886
0.53941,1.278,0.32286,0.91793,0.97368,0.63545,0.034884,0.22147,0.060967,0.15124,0.022362,0.0076389,0.00043953,1.2541
0.82602,1.6637,0.49244,0.8862,0.99298,0.57136,0.022152,0.089306,0.034444,0.1012,0.010138,0.0030708,0.00016513,1.1047
0.6368,1.4266,0.29976,0.9747,0.99825,0.78457,0.013385,0.032608,0.028272,0.084495,0.0070888,0.0017155,0.00031351,0.913
0.63965,1.2323,0.60663,0.77037,0.62105,0.24135,0.12438,2.8155,0.025438,0.096215,0.0091723,0.0034208,5.1566e-05,0.75194
0.3687,1.0456,0.77124,0.74413,0.77368,0.22278,0.075187,1.0289,0.074488,0.17993,0.031359,0.012414,0.0003469,1.3541
0.37522,1.1417,0.81725,0.68511,0.58772,0.12523,0.09186,1.5358,0.11488,0.20861,0.041703,0.013344,0.00082033,2.0281
0.90944,2.1139,0.69555,0.80873,0.85263,0.31039,0.047267,0.40663,0.039446,0.10517,0.010939,0.0028913,0.00029366,1.1602
0.73067,1.5145,0.34921,0.98686,1.0,0.81119,0.017693,0.056975,0.081485,0.16841,0.02758,0.0081927,0.00084762,1.552
0.65119,1.4026,0.30387,0.9799,1.0,0.80081,0.0082573,0.012409,0.10567,0.185,0.033093,0.0087245,0.0013911,1.9632
0.99515,10.007,0.90328,0.91594,0.97719,0.16244,0.033129,0.19975,0.017258,0.070646,0.004966,0.0014641,7.1555e-05,0.59946
0.91885,2.638,0.62859,0.96692,0.99123,0.52269,0.020081,0.07339,0.054145,0.1674,0.027257,0.013322,0.00016644,0.8989
0.71573,1.3808,0.37798,0.95035,0.99123,0.68138,0.025077,0.11445,0.10429,0.23183,0.051004,0.023571,0.00044425,1.5025
0.98853,6.628,0.84928,0.96861,0.97719,0.27717,0.029032,0.1534,0.032722,0.10283,0.010462,0.0033387,0.00013116,0.94985
0.98695,6.2904,0.84124,0.97085,1.0,0.29288,0.023221,0.09814,0.025859,0.089821,0.0080032,0.0024919,9.7883e-05,0.8112
0.91852,2.5247,0.61648,0.9787,1.0,0.63037,0.0050494,0.0046404,0.02309,0.082029,0.0066839,0.0018929,0.00012452,0.71713
