eccentricity,aspect_ratio,elongation,solidity,stochastic_convexity,isoperimetric_factor,maximal_indentation_depth,lobedness,average_intensity,average_contrast,smoothness,third_moment,uniformity,entropy
0.86224,2.0735,0.52269,0.98686,0.99474,0.70529,0.010097,0.018554,0.041404,0.12163,0.014579,0.0048689,0.00027608,0.9458
0.52382,1.1117,0.67175,0.54701,0.62982,0.15157,0.13674,3.4028,0.026434,0.085792,0.0073064,0.0021373,0.00016583,0.90513
0.82866,1.9848,0.50917,0.9418,0.99825,0.55942,0.025524,0.11857,0.080103,0.16692,0.027107,0.0086548,0.0004265,1.8038
0.70668,1.251,0.38111,0.94226,0.99825,0.6925,0.019432,0.068724,0.031587,0.11502,0.013056,0.0053112,8.6352e-05,0.72247
0.73935,1.5319,0.34987,0.98479,1.0,0.81067,0.0078079,0.011095,0.027888,0.11472,0.01299,0.0060166,5.0098e-05,0.59895
0.73797,1.4597,0.35376,0.97566,1.0,0.81697,0.0068768,0.0086068,0.01595,0.065491,0.0042707,0.0011544,6.6272e-05,0.58785
0.37522,1.1417,0.81725,0.68511,0.58772,0.12523,0.09186,1.5358,0.11488,0.20861,0.041703,0.013344,0.00082033,2.0281
0.72719,1.4779,0.3298,0.99388,1.0,0.8423,0.0029668,0.0016019,0.02634,0.081903,0.0066634,0.0017846,0.0001939,0.9805
0.65119,1.4026,0.30387,0.9799,1.0,0.80081,0.0082573,0.012409,0.10567,0.185,0.033093,0.0087245,0.0013911,1.9632
0.80393,1.8829,0.4698,0.93066,0.99298,0.58011,0.043787,0.34894,0.010183,0.061975,0.0038262,0.0014329,1.8914e-05,0.28509
0.46098,1.2199,0.32967,0.90459,1.0,0.56329,0.027061,0.13328,0.092156,0.18249,0.03223,0.010076,0.00090962,1.7156
0.98853,6.628,0.84928,0.96861,0.97719,0.27717,0.029032,0.1534,0.032722,0.10283,0.010462,0.0033387,0.00013116,0.94985
0.78676,1.6815,0.41383,0.97686,0.99825,0.7686,0.013524,0.033289,0.016538,0.076334,0.0057932,0.0019786,7.0661e-05,0.43227
0.99593,10.12,0.92461,0.80662,0.90702,0.15053,0.12257,2.7342,0.0082902,0.052333,0.0027313,0.00090459,1.5362e-05,0.27303
0.82602,1.6637,0.49244,0.8862,0.99298,0.57136,0.022152,0.089306,0.034444,0.1012,0.010138,0.0030708,0.00016513,1.1047
0.6368,1.4266,0.29976,0.9747,0.99825,0.78457,0.013385,0.032608,0.028272,0.084495,0.0070888,0.0017155,0.00031351,0.913
0.62011,1.3298,0.2836,0.96952,0.99825,0.77871,0.0086562,0.013637,0.04722,0.1186,0.013872,0.0037549,0.00044188,1.2024
0.99456,9.7351,0.90444,0.93346,0.98421,0.19638,0.020897,0.079479,0.016599,0.075247,0.0056302,0.0019012,4.441e-05,0.48992
0.89507,2.2045,0.55605,0.97701,0.99649,0.64214,0.0053433,0.0051962,0.102,0.19598,0.036988,0.012562,0.00048437,2.0484
0.53017,1.2503,0.23254,0.97337,1.0,0.82703,0.0066263,0.0079913,0.048541,0.10941,0.011828,0.0027809,0.00048839,1.5452
0.75535,1.6662,0.4065,0.97627,1.0,0.75126,0.0098445,0.017638,0.020477,0.09052,0.0081274,0.0031335,0.00012137,0.4391
0.90631,2.3906,0.58336,0.97683,0.99825,0.66419,0.0084019,0.012848,0.0070096,0.042347,0.0017901,0.00045889,2.8251e-05,0.28082
0.99518,10.421,0.90385,0.96551,0.98947,0.20051,0.0077228,0.010855,0.021258,0.080385,0.0064203,0.0019168,9.5565e-05,0.66405
0.9953,10.63,0.90598,0.88866,0.95789,0.15967,0.025636,0.11961,0.014782,0.065416,0.0042611,0.0012831,6.4365e-05,0.52178
0.98326,5.8308,0.82878,0.96489,1.0,0.30777,0.014672,0.039178,0.019278,0.073118,0.0053178,0.0014657,9.7882e-05,0.66403
0.91747,2.7054,0.64091,0.87687,0.98947,0.42531,0.089364,1.4534,0.042216,0.12098,0.014424,0.0047692,0.0003061,1.0097
0.93802,2.8087,0.65774,0.97091,1.0,0.58194,0.0067321,0.0082485,0.052218,0.13491,0.017874,0.0057374,0.00030246,1.2161
0.91885,2.638,0.62859,0.96692,0.99123,0.52269,0.020081,0.07339,0.054145,0.1674,0.027257,0.013322,0.00016644,0.8989
0.58938,1.3232,0.40145,0.89009,0.98421,0.43977,0.047907,0.4177,0.11488,0.19211,0.035592,0.0091838,0.0015424,2.1004
0.86545,1.8803,0.62039,0.82443,0.85439,0.33077,0.047,0.40204,0.039518,0.1157,0.01321,0.0042406,0.00020084,1.0136
